,user_id,user_name,city,country,age,occupation,sex
0,U001,Douglas Baker,Joseside,Heard Island and McDonald Islands,35,"Scientist, audiological",M
1,U002,Patricia Rodriguez,East Cynthiamouth,Palau,40,Market researcher,M
2,U003,Danielle Perez,Molinaborough,Barbados,24,"Engineer, materials",F
3,U004,Stephanie Smith,Frederickshire,Nepal,30,"Therapist, music",NA
4,U005,Samantha Callahan,Simsview,Sudan,38,"Lecturer, further education",M
5,U006,Johnny Torres,North Jose,Syrian Arab Republic,47,"Education officer, environmental",M
6,U007,Tamara Quinn,Francesland,Saint Helena,27,"Designer, textile",NA
7,U008,Jennifer Davis,Zacharyside,Dominican Republic,50,Glass blower/designer,F
8,U009,Lisa Smith,Michaelton,Turkey,69,Animal technologist,NA
9,U010,Stephen Dillon,West Dawn,Belize,51,Photographer,F
10,U011,Kimberly Foster,Jerrybury,Eritrea,61,"Nurse, mental health",F
11,U012,John Miranda,East Jamesburgh,Haiti,21,"Social research officer, government",F
12,U013,Jill Jackson,Rodgersside,Micronesia,59,Television floor manager,M
13,U014,Rickey Stephens,Markchester,Macedonia,44,Comptroller,NA
14,U015,Alyssa Hernandez,Wolfburgh,Mali,64,Tax inspector,F
15,U016,Joshua Thomas,Port Angela,Kenya,13,Metallurgist,NA
16,U017,Kevin Snyder,Helenfort,Qatar,28,"Pharmacist, hospital",NA
17,U018,Mary Guzman,East Stephanieland,Guam,40,"Conservator, museum/gallery",F
18,U019,Valerie Haynes,East Bradley,Nepal,39,Quality manager,F
19,U020,Caitlin Bryant,Joseland,Saint Martin,36,Child psychotherapist,NA
20,U021,Dennis King,North Ashlee,New Zealand,21,"Conservator, museum/gallery",F
21,U022,Eric Smith,West John,Mauritius,65,Water quality scientist,NA
22,U023,Joel Randall,North Lindseyburgh,Jordan,44,Financial controller,NA
23,U024,Richard Hernandez,Brentshire,Bahrain,44,Legal executive,NA
24,U025,Christopher Fritz,South Margaret,Denmark,26,"Designer, industrial/product",NA
25,U026,Erin Estrada,Port Stacey,Heard Island and McDonald Islands,53,"Therapist, speech and language",M
26,U027,Luis Soto,Tuckertown,Turks and Caicos Islands,59,Mining engineer,F
27,U028,Thomas Brown,Sanchezmouth,Cuba,41,Air traffic controller,F
28,U029,Sue Mitchell,Port Richard,Belgium,44,Physiotherapist,F
29,U030,Stephen Powell,Port Davidborough,Zambia,23,Medical laboratory scientific officer,M
30,U031,Stephen Molina,Barronmouth,United Kingdom,57,Osteopath,F
31,U032,Kimberly Mitchell,West Brendashire,Mayotte,25,Homeopath,M
32,U033,Scott Fuller,Janiceton,Heard Island and McDonald Islands,42,Clothing/textile technologist,M
33,U034,John Allison,East Henryland,Chile,22,"Engineer, maintenance",M
34,U035,Margaret Crawford,West Katherine,Kazakhstan,10,Herbalist,F
35,U036,Christopher Ward,Fowlerburgh,Australia,20,Regulatory affairs officer,F
36,U037,Tina Ferguson,New Chad,Lebanon,66,Pensions consultant,F
37,U038,Phyllis Mcconnell,North Lauren,Turks and Caicos Islands,57,Agricultural consultant,M
38,U039,Sarah Holmes,Velasquezfurt,Bermuda,62,"Nurse, mental health",F
39,U040,Jim Craig,North Jenniferton,Kiribati,63,Further education lecturer,NA
40,U041,James Fuller,South Elizabethburgh,Qatar,59,"Pilot, airline",F
41,U042,Thomas Foley,Hansonburgh,Argentina,51,Garment/textile technologist,NA
42,U043,Heather Sellers,West Emilymouth,Mayotte,43,"Scientist, forensic",M
43,U044,Crystal Martin,Duncanton,Brunei Darussalam,29,"Surveyor, minerals",NA
44,U045,Cody Brock,Garnerside,Chad,27,Accounting technician,F
45,U046,Mrs. Susan Jackson,West Alexfurt,New Zealand,45,Meteorologist,NA
46,U047,Zachary Jones,Judithtown,Northern Mariana Islands,61,Information systems manager,F
47,U048,Nathan York,Andersonmouth,Qatar,54,Herpetologist,M
48,U049,Jessica Munoz,Cameronside,Angola,66,Early years teacher,NA
49,U050,Brian Mitchell,Crystalshire,Wallis and Futuna,49,Health and safety inspector,NA
50,U051,John Wright,West Katie,Angola,40,"Nurse, adult",M
51,U052,Amy Bullock,South Darrenburgh,Chad,57,Chiropodist,M
52,U053,Steven Simpson,Port Michael,Turks and Caicos Islands,65,Diplomatic Services operational officer,F
53,U054,Sonia Franklin,New Shelleyburgh,Turkmenistan,23,"Engineer, maintenance (IT)",NA
54,U055,Leslie Gray,Lake Heather,Guinea,18,Patent attorney,F
55,U056,Christopher Hicks,Lake Dannyburgh,Korea,16,Health promotion specialist,NA
56,U057,Jasmine Taylor,Trevinoside,Antarctica (the territory South of 60 deg S),11,"Engineer, building services",NA
57,U058,Rebecca Bryant,Paulhaven,Colombia,38,Education administrator,NA
58,U059,Emily Fernandez,Adrianaberg,Zambia,52,Energy engineer,NA
59,U060,Jodi Barker,Josephchester,Liberia,44,Secondary school teacher,M
60,U061,Michelle Ramirez,West Seantown,Ireland,67,Publishing copy,M
61,U062,Karen Larson,West Mckenzie,Sao Tome and Principe,55,Horticultural consultant,M
62,U063,Alan Clark,Brownberg,Mongolia,49,Communications engineer,M
63,U064,Christian Lee,Port Kimberly,Tokelau,69,Educational psychologist,F
64,U065,Jeffrey Garcia,Bradfordstad,Turkmenistan,48,"Conservation officer, nature",M
65,U066,Jacqueline Rose,Sanderston,Australia,26,Catering manager,NA
66,U067,Gary Shepherd,North Nathan,Mongolia,63,Architectural technologist,M
67,U068,Anthony Frank,Lake Jenniferhaven,Algeria,19,Camera operator,NA
68,U069,Jonathan Evans,Danielburgh,Cook Islands,24,Television production assistant,M
69,U070,Lisa Castillo,Port Jessicaview,Monaco,28,Colour technologist,M
70,U071,Jennifer Wilson,Gallagherfurt,Guernsey,34,Data processing manager,F
71,U072,Joseph Park,Port Steven,New Zealand,52,Risk analyst,F
72,U073,Brenda Tucker,Stewartview,Bosnia and Herzegovina,60,Aeronautical engineer,F
73,U074,Rebekah Moreno,East Shawnfurt,United Arab Emirates,26,Special educational needs teacher,NA
74,U075,Tracie Rogers,East Jennifer,Barbados,30,Medical laboratory scientific officer,M
75,U076,Joseph Roberts,Samuelland,Belgium,13,Chemical engineer,M
76,U077,Joshua Carrillo,West Justintown,New Caledonia,47,Fisheries officer,NA
77,U078,Susan Roberts DDS,West Jesus,Niger,42,Diplomatic Services operational officer,M
78,U079,John Wolfe,Johnville,Gibraltar,40,Horticultural therapist,NA
79,U080,Wanda Moore,Lake Paulview,Jordan,24,"Engineer, petroleum",F
80,U081,David Davis,Davisview,Lebanon,50,"Designer, exhibition/display",F
81,U082,Sherri Finley,New Elizabethchester,Gambia,59,"Production designer, theatre/television/film",M
82,U083,David Cardenas,South Danielburgh,Romania,64,"Production assistant, radio",F
83,U084,Courtney Salinas,Jenniferview,Armenia,67,"Optician, dispensing",M
84,U085,Don Allen,Port Timothyfurt,Sao Tome and Principe,47,Agricultural engineer,F
85,U086,Shari Mckay,Michaelbury,Congo,58,Newspaper journalist,F
86,U087,Kenneth Walker,Davidborough,Poland,21,Print production planner,NA
87,U088,Cynthia Russell,Mcintyrehaven,Gambia,59,"Investment banker, operational",F
88,U089,Bill Estrada,Normantown,United States Minor Outlying Islands,46,Health and safety adviser,M
89,U090,Joe Barr,North Danielle,Grenada,34,Investment analyst,NA
90,U091,Corey Rose,Cliffordville,Spain,60,Volunteer coordinator,NA
91,U092,Sarah Meyer,Elizabethfurt,Falkland Islands (Malvinas),32,Financial manager,NA
92,U093,Ashley Holmes,Robertston,Serbia,21,Cartographer,F
93,U094,Shawn Craig,Leebury,French Polynesia,28,Clinical embryologist,M
94,U095,James Hill,West Alexandraton,Lebanon,62,Armed forces technical officer,F
95,U096,Leon Miller,New Frank,Chile,16,"Development worker, international aid",NA
96,U097,Ryan Fox,North Crystal,Saint Barthelemy,44,Commercial/residential surveyor,M
97,U098,Olivia Castillo,Crystalbury,Mexico,47,"Scientist, audiological",F
98,U099,Anthony Edwards,Gutierrezfort,Monaco,70,Radio broadcast assistant,M
99,U100,Kyle Oliver,Burgesstown,Madagascar,32,Clothing/textile technologist,F
